{
  "tests": [
    {
      "D": 0.01,
      "k": 1.0,
      "grad_D_ad": 0.0,
      "grad_D_fd": 2.42861286636753e-11,
      "grad_D_rel_diff": 242861.286636753,
      "grad_k_ad": -0.02311451910662209,
      "grad_k_fd": -0.023114518936037665,
      "grad_k_rel_diff": 7.379968593368371e-09,
      "time_ad_D_ms": 319.795529008843,
      "time_fd_D_ms": 89.02278600726277,
      "time_ad_k_ms": 280.240259016864,
      "time_fd_k_ms": 200.21699200151488
    },
    {
      "D": 0.1,
      "k": 1.0,
      "grad_D_ad": 0.0,
      "grad_D_fd": -6.938893903907228e-12,
      "grad_D_rel_diff": 69388.93903907228,
      "grad_k_ad": -0.0231145191066221,
      "grad_k_fd": -0.023114518937772388,
      "grad_k_rel_diff": 7.304919960098772e-09,
      "time_ad_D_ms": 203.70249002007768,
      "time_fd_D_ms": 84.54178899410181,
      "time_ad_k_ms": 209.52368999132887,
      "time_fd_k_ms": 90.79237398691475
    },
    {
      "D": 0.01,
      "k": 10.0,
      "grad_D_ad": 0.0,
      "grad_D_fd": 1.0587911840678754e-15,
      "grad_D_rel_diff": 10.587911840678755,
      "grad_k_ad": -2.8525582745060574e-06,
      "grad_k_fd": -2.8525582855259827e-06,
      "grad_k_rel_diff": 3.863172725836129e-09,
      "time_ad_D_ms": 332.47694600140676,
      "time_fd_D_ms": 139.39241197658703,
      "time_ad_k_ms": 393.28821998788044,
      "time_fd_k_ms": 131.35322200832888
    }
  ],
  "config": {
    "grid_size": 64,
    "t_final": 1.0,
    "n_steps": 100,
    "fd_epsilon": 1e-06,
    "device": "cuda:0"
  },
  "sensitivity_surface": {
    "D_range": [
      0.005,
      0.015555555555555555,
      0.026111111111111113,
      0.03666666666666667,
      0.04722222222222222,
      0.057777777777777775,
      0.06833333333333334,
      0.0788888888888889,
      0.08944444444444445,
      0.1
    ],
    "k_range": [
      0.5,
      1.0,
      1.5,
      2.0,
      2.5,
      3.0,
      3.5,
      4.0,
      4.5,
      5.0
    ],
    "J": [
      [
        0.03810939931309212,
        0.023114519106622135,
        0.014019664522679729,
        0.008503356371890862,
        0.005157546350014546,
        0.0031282099901727956,
        0.001897355269059176,
        0.00115080414305168,
        0.0006979979960851729,
        0.0004233571850436325
      ],
      [
        0.038109399313092124,
        0.023114519106622156,
        0.014019664522679748,
        0.008503356371890862,
        0.005157546350014549,
        0.003128209990172795,
        0.0018973552690591741,
        0.0011508041430516797,
        0.0006979979960851725,
        0.0004233571850436323
      ],
      [
        0.03810939931309213,
        0.023114519106622156,
        0.014019664522679762,
        0.008503356371890862,
        0.005157546350014544,
        0.0031282099901727934,
        0.0018973552690591776,
        0.00115080414305168,
        0.000697997996085172,
        0.00042335718504363283
      ],
      [
        0.03810939931309211,
        0.023114519106622163,
        0.014019664522679741,
        0.008503356371890862,
        0.0051575463500145476,
        0.003128209990172795,
        0.0018973552690591759,
        0.0011508041430516795,
        0.0006979979960851724,
        0.0004233571850436328
      ],
      [
        0.03810939931309213,
        0.023114519106622163,
        0.014019664522679748,
        0.008503356371890864,
        0.005157546350014553,
        0.003128209990172791,
        0.001897355269059181,
        0.00115080414305168,
        0.0006979979960851717,
        0.0004233571850436325
      ],
      [
        0.03810939931309217,
        0.02311451910662217,
        0.014019664522679755,
        0.008503356371890869,
        0.0051575463500145545,
        0.003128209990172792,
        0.0018973552690591756,
        0.0011508041430516825,
        0.0006979979960851724,
        0.0004233571850436327
      ],
      [
        0.038109399313092124,
        0.023114519106622135,
        0.014019664522679758,
        0.008503356371890869,
        0.005157546350014544,
        0.003128209990172792,
        0.0018973552690591798,
        0.0011508041430516823,
        0.0006979979960851724,
        0.0004233571850436324
      ],
      [
        0.03810939931309212,
        0.02311451910662213,
        0.014019664522679751,
        0.008503356371890869,
        0.005157546350014553,
        0.0031282099901727934,
        0.0018973552690591746,
        0.0011508041430516819,
        0.0006979979960851719,
        0.00042335718504363256
      ],
      [
        0.03810939931309212,
        0.023114519106622152,
        0.014019664522679737,
        0.008503356371890867,
        0.005157546350014544,
        0.0031282099901727917,
        0.0018973552690591767,
        0.0011508041430516817,
        0.0006979979960851724,
        0.00042335718504363305
      ],
      [
        0.03810939931309212,
        0.023114519106622176,
        0.014019664522679744,
        0.008503356371890857,
        0.005157546350014553,
        0.003128209990172794,
        0.0018973552690591767,
        0.0011508041430516812,
        0.0006979979960851722,
        0.0004233571850436332
      ]
    ],
    "grad_D": [
      [
        0.0,
        0.0,
        0.0,
        0.0,
        0.0,
        0.0,
        0.0,
        0.0,
        0.0,
        0.0
      ],
      [
        0.0,
        0.0,
        0.0,
        0.0,
        0.0,
        0.0,
        0.0,
        0.0,
        0.0,
        0.0
      ],
      [
        0.0,
        0.0,
        0.0,
        0.0,
        0.0,
        0.0,
        0.0,
        0.0,
        0.0,
        0.0
      ],
      [
        0.0,
        0.0,
        0.0,
        0.0,
        0.0,
        0.0,
        0.0,
        0.0,
        0.0,
        0.0
      ],
      [
        0.0,
        0.0,
        0.0,
        0.0,
        0.0,
        0.0,
        0.0,
        0.0,
        0.0,
        0.0
      ],
      [
        0.0,
        0.0,
        0.0,
        0.0,
        0.0,
        0.0,
        0.0,
        0.0,
        0.0,
        0.0
      ],
      [
        0.0,
        0.0,
        0.0,
        0.0,
        0.0,
        0.0,
        0.0,
        0.0,
        0.0,
        0.0
      ],
      [
        0.0,
        0.0,
        0.0,
        0.0,
        0.0,
        0.0,
        0.0,
        0.0,
        0.0,
        0.0
      ],
      [
        0.0,
        0.0,
        0.0,
        0.0,
        0.0,
        0.0,
        0.0,
        0.0,
        0.0,
        0.0
      ],
      [
        0.0,
        0.0,
        0.0,
        0.0,
        0.0,
        0.0,
        0.0,
        0.0,
        0.0,
        0.0
      ]
    ],