{
  "numpy_cpu": {
    "median_s": 1.097310001999972,
    "iqr_s": 0.04299147550003113,
    "ms_per_step": 1.097310001999972
  },
  "jax_gpu": {
    "compile_s": 0.5218541280000863,
    "median_s": 0.25914362399998936,
    "iqr_s": 0.008210529749987927,
    "ms_per_step": 0.25914362399998936
  },
  "speedup": 4.234370057277647,
  "config": {
    "grid_size": 256,
    "n_steps": 1000,
    "n_reps": 10,
    "D": 0.01,
    "dt": 0.0001,
    "device": "cuda:0",
    "dtype": "float64"
  }
}