{
  "config": {
    "device": "cuda:0",
    "dtype": "float64",
    "n_reps": 10
  },
  "reactor_methods": {
    "Pe=10 Da=0.5": {
      "RK4": {
        "time_s": 0.2952729075041134,
        "iqr_s": 0.019012897479115054,
        "conversion": 0.6796477421808049,
        "steps": 20162,
        "dt": 0.00024800049600099197,
        "t_final": 5.0001860003720004,
        "error": 0.28617840189343835
      },
      "CN": {
        "time_s": 0.10688963050779421,
        "iqr_s": 0.008162536505551543,
        "conversion": 0.6796477411176856,
        "steps": 100,
        "dt": 0.05,
        "t_final": 5.0,
        "error": 0.286178400830319
      },
      "IMEX": {
        "time_s": 0.24871548000373878,
        "iqr_s": 0.0043273255141684785,
        "conversion": 0.6796477355544654,
        "steps": 635,
        "dt": 0.007874015748031496,
        "t_final": 5.0,
        "error": 0.2861783952670989
      },
      "analytical": {
        "conversion": 0.3934693402873666
      }
    },
    "Pe=50 Da=2": {
      "RK4": {
        "time_s": 0.14460819798114244,
        "iqr_s": 0.008783622492046561,
        "conversion": 0.9342723035384471,
        "steps": 5000,
        "dt": 0.001,
        "t_final": 5.0,
        "error": 0.06960758677505985
      },
      "CN": {
        "time_s": 0.11479283450171351,
        "iqr_s": 0.011151711478305515,
        "conversion": 0.9342723035384445,
        "steps": 100,
        "dt": 0.05,
        "t_final": 5.0,
        "error": 0.06960758677505718
      },
      "IMEX": {
        "time_s": 0.25041998400411103,
        "iqr_s": 0.009562883002217859,
        "conversion": 0.9342723035384456,
        "steps": 635,
        "dt": 0.007874015748031496,
        "t_final": 5.0,
        "error": 0.0696075867750583
      },
      "analytical": {
        "conversion": 0.8646647167633873
      }
    },
    "Pe=100 Da=5": {
      "RK4": {
        "time_s": 0.13960066800063942,
        "iqr_s": 0.020009108760859817,
        "conversion": 0.9964277398141765,
        "steps": 5000,
        "dt": 0.001,
        "t_final": 5.0,
        "error": 0.003165686813262014
      },
      "CN": {
        "time_s": 0.11070991300221067,
        "iqr_s": 0.008740477242099587,
        "conversion": 0.9964277398141763,
        "steps": 100,
        "dt": 0.05,
        "t_final": 5.0,
        "error": 0.003165686813261792
      },
      "IMEX": {
        "time_s": 0.2524094149994198,
        "iqr_s": 0.010285132993885782,
        "conversion": 0.9964277398141764,
        "steps": 635,
        "dt": 0.007874015748031496,
        "t_final": 5.0,
        "error": 0.003165686813261903
      },
      "analytical": {
        "conversion": 0.9932620530009145
      }
    }
  },
  "diffusion_work_precision": {
    "0.01": {
      "FFT-CN": {
        "time_s": 0.05618163048347924,
        "iqr_s": 0.0017846747650764883,
        "error": 3.4556980255340264e-05
      },
      "FD-CN": {
        "time_s": 0.0564627000130713,
        "iqr_s": 0.007428342985804193,
        "error": 1.8874225969911507e-05
      },
      "n_steps": 10,
      "t_final": 0.1
    },
    "0.005": {
      "FFT-CN": {
        "time_s": 0.055845571507234126,
        "iqr_s": 0.0015505907285842113,
        "error": 8.637896249275023e-06
      },
      "FD-CN": {
        "time_s": 0.0579081219912041,
        "iqr_s": 0.00359224175917916,
        "error": 4.47797516823778e-05
      },
      "n_steps": 20,
      "t_final": 0.1
    },
    "0.002": {
      "FFT-CN": {
        "time_s": 0.06369654000445735,
        "iqr_s": 0.009466485258599278,
        "error": 1.3820029858280236e-06
      },
      "FD-CN": {
        "time_s": 0.06206146100885235,
        "iqr_s": 0.007341184769757092,
        "error": 5.203184992730314e-05
      },
      "n_steps": 50,
      "t_final": 0.1
    },
    "0.001": {
      "FFT-CN": {
        "time_s": 0.061646170492167585,
        "iqr_s": 0.008652458993310574,
        "error": 3.454985876283345e-07
      },
      "FD-CN": {
        "time_s": 0.06400564551586285,
        "iqr_s": 0.006089034242904745,
        "error": 5.306781222313983e-05
      },
      "n_steps": 100,
      "t_final": 0.1
    },
    "0.0005": {
      "FFT-CN": {
        "time_s": 0.06868970699724741,
        "iqr_s": 0.0036511727594188415,
        "error": 8.63745094337176e-08
      },
      "FD-CN": {
        "time_s": 0.07097033900208771,
        "iqr_s": 0.013787040719762444,
        "error": 5.332680078828922e-05
      },
      "n_steps": 200,
      "t_final": 0.1
    },
    "0.0002": {
      "FFT-CN": {
        "time_s": 0.08912614251312334,
        "iqr_s": 0.0123164060205454,
        "error": 1.381991920901271e-08
      },
      "FD-CN": {
        "time_s": 0.08286657599091996,
        "iqr_s": 0.025099334001424722,
        "error": 5.3399317421543024e-05
      },
      "n_steps": 500,
      "t_final": 0.1
    }
  }
}