{
  "config": {
    "device": "cuda:0",
    "dtype": "float64",
    "n_reps": 10
  },
  "results": {
    "danckwerts_Pe1_Da0.1": {
      "bc_type": "danckwerts",
      "Pe": 1,
      "Da": 0.1,
      "mean_time": 18.75007958040003,
      "std_time": 0.4286712612414757,
      "conversion": 0.09563165058838408,
      "error": 0.0036269533208231897,
      "dt": 1.5500031000061998e-05,
      "n_steps": 967740,
      "final_outlet_c": 0.9043683494116159
    },
    "danckwerts_Pe1_Da1": {
      "bc_type": "danckwerts",
      "Pe": 1,
      "Da": 1,
      "mean_time": 18.352997661900055,
      "std_time": 0.13879796023870464,
      "conversion": 0.5306342721547687,
      "error": 0.0017098463437951184,
      "dt": 1.5500031000061998e-05,
      "n_steps": 967740,
      "final_outlet_c": 0.46936572784523134
    },
    "danckwerts_Pe1_Da10": {
      "bc_type": "danckwerts",
      "Pe": 1,
      "Da": 10,
      "mean_time": 18.679793314000015,
      "std_time": 0.42829900363593126,
      "conversion": 0.9680256128098393,
      "error": 0.0021299189921150097,
      "dt": 1.5500031000061998e-05,
      "n_steps": 967740,
      "final_outlet_c": 0.03197438719016062
    },
    "danckwerts_Pe10_Da0.1": {
      "bc_type": "danckwerts",
      "Pe": 10,
      "Da": 0.1,
      "mean_time": 1.9310753665999072,
      "std_time": 0.13990726679099608,
      "conversion": 0.09400522302585512,
      "error": 0.00035681203170057074,
      "dt": 0.00015500031000061998,
      "n_steps": 96774,
      "final_outlet_c": 0.9059947769741449
    },
    "danckwerts_Pe10_Da1": {
      "bc_type": "danckwerts",
      "Pe": 10,
      "Da": 1,
      "mean_time": 1.9085336543000266,
      "std_time": 0.1294252322710179,
      "conversion": 0.6011677361586176,
      "error": 0.0015654905352557313,
      "dt": 0.00015500031000061998,
      "n_steps": 96774,
      "final_outlet_c": 0.39883226384138243
    },
    "danckwerts_Pe10_Da10": {
      "bc_type": "danckwerts",
      "Pe": 10,
      "Da": 10,
      "mean_time": 1.8715386594000392,
      "std_time": 0.10149440685893933,
      "conversion": 0.9981683383353352,
      "error": 0.005757021610866886,
      "dt": 0.00015500031000061998,
      "n_steps": 96774,
      "final_outlet_c": 0.0018316616646647053
    },
    "danckwerts_Pe100_Da0.1": {
      "bc_type": "danckwerts",
      "Pe": 100,
      "Da": 0.1,
      "mean_time": 0.21283818730003076,
      "std_time": 0.06130543104573571,
      "conversion": 0.09471661644730389,
      "error": 0.00035655910560039583,
      "dt": 0.0015500031000061998,
      "n_steps": 9677,
      "final_outlet_c": 0.9052833835526961
    },
    "danckwerts_Pe100_Da1": {
      "bc_type": "danckwerts",
      "Pe": 100,
      "Da": 1,
      "mean_time": 0.20419212309989235,
      "std_time": 0.051018774216328173,
      "conversion": 0.6270542994722582,
      "error": 0.0014772250829357403,
      "dt": 0.0015500031000061998,
      "n_steps": 9677,
      "final_outlet_c": 0.3729457005277418
    },
    "danckwerts_Pe100_Da10": {
      "bc_type": "danckwerts",
      "Pe": 100,
      "Da": 10,
      "mean_time": 0.2427501527000004,
      "std_time": 0.052896020337494534,
      "conversion": 0.999890560574747,
      "error": 0.002770263741105561,
      "dt": 0.0015500031000061998,
      "n_steps": 9677,
      "final_outlet_c": 0.00010943942525299054
    },
    "robin_Pe1_Da0.1": {
      "bc_type": "robin",
      "Pe": 1,
      "Da": 0.1,
      "mean_time": 18.205605864500058,
      "std_time": 0.11997555722522785,
      "conversion": 0.09563165058838408,
      "error": 0.0036269533208231897,
      "dt": 1.5500031000061998e-05,
      "n_steps": 967740,
      "final_outlet_c": 0.9043683494116159
    },
    "robin_Pe1_Da1": {
      "bc_type": "robin",
      "Pe": 1,
      "Da": 1,
      "mean_time": 17.94563715129998,
      "std_time": 0.25848560195122366,
      "conversion": 0.5306342721547687,
      "error": 0.0017098463437951184,
      "dt": 1.5500031000061998e-05,
      "n_steps": 967740,
      "final_outlet_c": 0.46936572784523134
    },
    "robin_Pe1_Da10": {
      "bc_type": "robin",
      "Pe": 1,
      "Da": 10,
      "mean_time": 18.240557158799948,
      "std_time": 0.2195893282135118,
      "conversion": 0.9680256128098393,
      "error": 0.0021299189921150097,
      "dt": 1.5500031000061998e-05,
      "n_steps": 967740,
      "final_outlet_c": 0.03197438719016062
    },
    "robin_Pe10_Da0.1": {
      "bc_type": "robin",
      "Pe": 10,
      "Da": 0.1,
      "mean_time": 1.8714460022999446,
      "std_time": 0.12816889987031954,
      "conversion": 0.09400522302585512,
      "error": 0.00035681203170057074,
      "dt": 0.00015500031000061998,
      "n_steps": 96774,
      "final_outlet_c": 0.9059947769741449
    },
    "robin_Pe10_Da1": {
      "bc_type": "robin",
      "Pe": 10,
      "Da": 1,
      "mean_time": 1.8927741686000445,
      "std_time": 0.14651751802719384,
      "conversion": 0.6011677361586176,
      "error": 0.0015654905352557313,
      "dt": 0.00015500031000061998,
      "n_steps": 96774,
      "final_outlet_c": 0.39883226384138243
    },
    "robin_Pe10_Da10": {
      "bc_type": "robin",
      "Pe": 10,
      "Da": 10,
      "mean_time": 1.9805888558999414,
      "std_time": 0.21318641244346148,
      "conversion": 0.9981683383353352,
      "error": 0.005757021610866886,
      "dt": 0.00015500031000061998,
      "n_steps": 96774,
      "final_outlet_c": 0.0018316616646647053
    },
    "robin_Pe100_Da0.1": {
      "bc_type": "robin",
      "Pe": 100,
      "Da": 0.1,
      "mean_time": 0.20409154320000197,
      "std_time": 0.05329170298133203,
      "conversion": 0.09471661644730389,
      "error": 0.00035655910560039583,
      "dt": 0.0015500031000061998,
      "n_steps": 9677,
      "final_outlet_c": 0.9052833835526961
    },
    "robin_Pe100_Da1": {
      "bc_type": "robin",
      "Pe": 100,
      "Da": 1,
      "mean_time": 0.2831666345999565,
      "std_time": 0.043483865182283934,
      "conversion": 0.6270542994722582,
      "error": 0.0014772250829357403,
      "dt": 0.0015500031000061998,
      "n_steps": 9677,
      "final_outlet_c": 0.3729457005277418
    },
    "robin_Pe100_Da10": {
      "bc_type": "robin",
      "Pe": 100,
      "Da": 10,
      "mean_time": 0.2663885180000761,
      "std_time": 0.046800617694765526,
      "conversion": 0.999890560574747,
      "error": 0.002770263741105561,
      "dt": 0.0015500031000061998,
      "n_steps": 9677,
      "final_outlet_c": 0.00010943942525299054
    },
    "neumann_Pe1_Da0.1": {
      "bc_type": "neumann",
      "Pe": 1,
      "Da": 0.1,
      "mean_time": 19.337498568000093,
      "std_time": 0.7218136872377627,
      "conversion": 0.6692960803184239,
      "error": 0.4517063032755617,
      "dt": 1.5500031000061998e-05,
      "n_steps": 967740,
      "final_outlet_c": 0.6711592680605052
    },
    "neumann_Pe1_Da1": {
      "bc_type": "neumann",
      "Pe": 1,
      "Da": 1,
      "mean_time": 17.040645210300045,
      "std_time": 0.22135161138987952,
      "conversion": 0.021099546976248114,
      "error": 0.022894108286359672,
      "dt": 1.5500031000061998e-05,
      "n_steps": 967740,
      "final_outlet_c": 0.02163507253418686
    },
    "neumann_Pe1_Da10": {
      "bc_type": "neumann",
      "Pe": 1,
      "Da": 10,
      "mean_time": 18.0546820692,
      "std_time": 0.41274486559696494,
      "conversion": 8.575869671677582e-13,
      "error": 1.7542102730247341e-12,
      "dt": 1.5500031000061998e-05,
      "n_steps": 967740,
      "final_outlet_c": 8.576049874299046e-13
    },
    "neumann_Pe10_Da0.1": {
      "bc_type": "neumann",
      "Pe": 10,
      "Da": 0.1,
      "mean_time": 1.850099404799994,
      "std_time": 0.13879478359023645,
      "conversion": 0.5052475661119051,
      "error": 0.295738799164718,
      "dt": 0.00015500031000061998,
      "n_steps": 96774,
      "final_outlet_c": 0.49641060896377176
    },
    "neumann_Pe10_Da1": {
      "bc_type": "neumann",
      "Pe": 10,
      "Da": 1,