{
  "config": {
    "grid_size": 128,
    "D": 0.01,
    "t_final": 1.0,
    "fft_cn_steps": 1000,
    "fft_cn_dt": 0.001,
    "n_runs": 10,
    "device": "cuda:0",
    "dtype": "float64"
  },
  "results": {
    "jax_fft_cn": {
      "mean_s": 0.17412751409997326,
      "std_s": 0.03886175645801893,
      "error": 1.862440729416548e-08
    },
    "numpy_fft_cn": {
      "mean_s": 0.21241229610000117,
      "std_s": 0.0050488551847962465,
      "error": 1.862439152899853e-08
    },
    "scipy_radau": {
      "mean_s": 649.1906770593333,
      "std_s": 26.036965601229635,
      "error": 7.267118347620283e-05
    },
    "scipy_rk45": {
      "mean_s": 20.75481158100006,
      "std_s": 0.0875298925577344,
      "error": 7.458112062058708e-05
    }
  }
}